Data	Variables	Labels	Cross Val	Accuracy	Edit Score
KT	velocity	MPbaseline	LOUO	61.7406551233932	56.8029469575432
KT	velocity	MPbaseline	LOUO	62.748762775139966	56.54147161076179
KT	velocity	MPbaseline	LOUO	61.9888055535504	56.69140340921078
KT	velocity	MPbaseline	LOUO	63.086780924771595	58.757309827501174
JIGSAWS	velocity	MPbaseline	LOSO	61.20765703743965	61.61231500879418
JIGSAWS	velocity	MPbaseline	LOSO	60.397004593633696	60.542177305699376
